{"cameraMode":{"drawMode":0,"name":"Shaded","section":"Shading Mode"},"sceneLighting":true,"audioPlay":false,"sceneViewState":{"showFog":true,"showMaterialUpdate":true,"showSkybox":true,"showFlares":true,"showImageEffects":true,"showParticleSystems":true},"in2DMode":false,"pivot":{"x":-10.787039756774903,"y":2.707841157913208,"z":-12.158336639404297},"rotation":{"x":0.0588393434882164,"y":0.8872069120407105,"z":-0.11807586997747421,"w":0.44211089611053469},"size":5.392797946929932,"orthographic":false}